{"cameraMode":{"drawMode":0,"name":"Shaded","section":"Shading Mode"},"sceneLighting":true,"audioPlay":false,"sceneViewState":{"showFog":true,"showMaterialUpdate":false,"showSkybox":true,"showFlares":true,"showImageEffects":true,"showParticleSystems":true},"in2DMode":false,"pivot":{"x":-0.4235086441040039,"y":3.621826171875,"z":2.3937087059020998},"rotation":{"x":0.18568041920661927,"y":-0.4694232940673828,"z":0.10167653858661652,"w":0.8572260737419128},"size":8.414812088012696,"orthographic":false}